<?xml version="1.0" encoding="utf-8" ?>
<dwsync>
<file name="ui-bg_highlight-soft_25_0073ea_1x100.png" server="navigatormultimedia.com/httpdocs/radiumhotsprings/" local="129160953360000000" remote="129248059200000000" />
<file name="ui-icons_454545_256x240.png" server="navigatormultimedia.com/httpdocs/radiumhotsprings/" local="129160953360000000" remote="129248059200000000" />
<file name="ui-bg_highlight-soft_100_f6f6f6_1x100.png" server="navigatormultimedia.com/httpdocs/radiumhotsprings/" local="129160953360000000" remote="129248059200000000" />
<file name="ui-bg_flat_0_aaaaaa_40x100.png" server="navigatormultimedia.com/httpdocs/radiumhotsprings/" local="129160953360000000" remote="129248059200000000" />
<file name="ui-bg_flat_75_ffffff_40x100.png" server="navigatormultimedia.com/httpdocs/radiumhotsprings/" local="129160953360000000" remote="129248059200000000" />
<file name="ui-icons_ffffff_256x240.png" server="navigatormultimedia.com/httpdocs/radiumhotsprings/" local="129160953360000000" remote="129248059200000000" />
<file name="ui-bg_flat_55_ffffff_40x100.png" server="navigatormultimedia.com/httpdocs/radiumhotsprings/" local="129160953360000000" remote="129248059200000000" />
<file name="ui-bg_highlight-soft_50_dddddd_1x100.png" server="navigatormultimedia.com/httpdocs/radiumhotsprings/" local="129160953360000000" remote="129248059200000000" />
<file name="ui-icons_0073ea_256x240.png" server="navigatormultimedia.com/httpdocs/radiumhotsprings/" local="129160953360000000" remote="129248059200000000" />
<file name="ui-icons_ff0084_256x240.png" server="navigatormultimedia.com/httpdocs/radiumhotsprings/" local="129160953360000000" remote="129248059200000000" />
<file name="ui-bg_glass_65_ffffff_1x400.png" server="navigatormultimedia.com/httpdocs/radiumhotsprings/" local="129160953360000000" remote="129248059200000000" />
<file name="ui-icons_666666_256x240.png" server="navigatormultimedia.com/httpdocs/radiumhotsprings/" local="129160953360000000" remote="129248059200000000" />
<file name="ui-bg_flat_0_eeeeee_40x100.png" server="navigatormultimedia.com/httpdocs/radiumhotsprings/" local="129160953360000000" remote="129248059800000000" />
</dwsync>