<?xml version="1.0" encoding="UTF-8"?>
<project-private xmlns="http://www.netbeans.org/ns/project-private/1">
    <editor-bookmarks xmlns="http://www.netbeans.org/ns/editor-bookmarks/1">
        <file>
            <url>admin/inc/_core/common_register.php</url>
            <line>54</line>
            <line>237</line>
        </file>
        <file>
            <url>admin/inc/_core/common_form.php</url>
            <line>1405</line>
        </file>
        <file>
            <url>admin/settings.php</url>
            <line>453</line>
        </file>
    </editor-bookmarks>
</project-private>
