<?xml version="1.0" encoding="utf-8" ?>
<dwsync>
<file name="Embedded.class.php" server="navigatormultimedia.com/httpdocs/radiumhotsprings/" local="129160953340000000" remote="129248060400000000" />
<file name="Widget.class.php" server="navigatormultimedia.com/httpdocs/radiumhotsprings/" local="129160953340000000" remote="129248060400000000" />
<file name="Template.class.php" server="navigatormultimedia.com/httpdocs/radiumhotsprings/" local="129160953340000000" remote="129248060400000000" />
<file name="Meta.class.php" server="navigatormultimedia.com/httpdocs/radiumhotsprings/" local="129160953340000000" remote="129248060400000000" />
<file name="Feed.class.php" server="navigatormultimedia.com/httpdocs/radiumhotsprings/" local="129160953340000000" remote="129248060400000000" />
<file name="Gallery.class.php" server="navigatormultimedia.com/httpdocs/radiumhotsprings/" local="129160953340000000" remote="129248060400000000" />
<file name="Advanced.class.php" server="navigatormultimedia.com/httpdocs/radiumhotsprings/" local="129160953340000000" remote="129248060400000000" />
<file name="Display.class.php" server="navigatormultimedia.com/httpdocs/radiumhotsprings/" local="129160953340000000" remote="129248060400000000" />
</dwsync>