<?xml version="1.0" encoding="utf-8" ?>
<dwsync>
<file name="jquery.fancybox-1.3.1.css" server="navigatormultimedia.com/httpdocs/radiumhotsprings/" local="129160953360000000" remote="129248058600000000" />
<file name="fancy_shadow_n.png" server="navigatormultimedia.com/httpdocs/radiumhotsprings/" local="129160953360000000" remote="129248058600000000" />
<file name="fancy_shadow_se.png" server="navigatormultimedia.com/httpdocs/radiumhotsprings/" local="129160953360000000" remote="129248058600000000" />
<file name="fancybox-x.png" server="navigatormultimedia.com/httpdocs/radiumhotsprings/" local="129160953360000000" remote="129248058600000000" />
<file name="fancy_close.png" server="navigatormultimedia.com/httpdocs/radiumhotsprings/" local="129160953360000000" remote="129248058600000000" />
<file name="fancy_shadow_nw.png" server="navigatormultimedia.com/httpdocs/radiumhotsprings/" local="129160953360000000" remote="129248058600000000" />
<file name="fancy_title_right.png" server="navigatormultimedia.com/httpdocs/radiumhotsprings/" local="129160953360000000" remote="129248058600000000" />
<file name="fancy_shadow_s.png" server="navigatormultimedia.com/httpdocs/radiumhotsprings/" local="129160953360000000" remote="129248058600000000" />
<file name="fancy_nav_left.png" server="navigatormultimedia.com/httpdocs/radiumhotsprings/" local="129160953360000000" remote="129248058600000000" />
<file name="jquery.fancybox-1.3.1.original.js" server="navigatormultimedia.com/httpdocs/radiumhotsprings/" local="129160953360000000" remote="129248058600000000" />
<file name="fancy_shadow_e.png" server="navigatormultimedia.com/httpdocs/radiumhotsprings/" local="129160953360000000" remote="129248058600000000" />
<file name="fancy_loading.png" server="navigatormultimedia.com/httpdocs/radiumhotsprings/" local="129160953360000000" remote="129248058600000000" />
<file name="fancy_shadow_w.png" server="navigatormultimedia.com/httpdocs/radiumhotsprings/" local="129160953360000000" remote="129248058600000000" />
<file name="fancy_title_over.png" server="navigatormultimedia.com/httpdocs/radiumhotsprings/" local="129160953360000000" remote="129248058600000000" />
<file name="blank.gif" server="navigatormultimedia.com/httpdocs/radiumhotsprings/" local="129160953360000000" remote="129248058600000000" />
<file name="fancy_shadow_ne.png" server="navigatormultimedia.com/httpdocs/radiumhotsprings/" local="129160953360000000" remote="129248058600000000" />
<file name="fancy_nav_right.png" server="navigatormultimedia.com/httpdocs/radiumhotsprings/" local="129160953360000000" remote="129248058600000000" />
<file name="fancybox-y.png" server="navigatormultimedia.com/httpdocs/radiumhotsprings/" local="129160953360000000" remote="129248058600000000" />
<file name="jquery.easing-1.3.pack.js" server="navigatormultimedia.com/httpdocs/radiumhotsprings/" local="129160953360000000" remote="129248058600000000" />
<file name="jquery.fancybox-1.3.1-dev.js" server="navigatormultimedia.com/httpdocs/radiumhotsprings/" local="129160953360000000" remote="129248058600000000" />
<file name="fancy_title_left.png" server="navigatormultimedia.com/httpdocs/radiumhotsprings/" local="129160953360000000" remote="129248058600000000" />
<file name="fancybox.png" server="navigatormultimedia.com/httpdocs/radiumhotsprings/" local="129160953360000000" remote="129248058600000000" />
<file name="fancy_title_main.png" server="navigatormultimedia.com/httpdocs/radiumhotsprings/" local="129160953360000000" remote="129248058600000000" />
<file name="jquery.fancybox-1.3.1.js" server="navigatormultimedia.com/httpdocs/radiumhotsprings/" local="129160953360000000" remote="129248058600000000" />
<file name="fancy_shadow_sw.png" server="navigatormultimedia.com/httpdocs/radiumhotsprings/" local="129160953360000000" remote="129248058600000000" />
</dwsync>